Workbook

Sheet Raw_Data
A1: Helper | B1: Customer Name | C1: Product Name | D1: Rate | E1: Quantity | F1: Amount | G1: GST | H1: Total
A2: =IF(Search_Bar!$D$8="", 0, IF(CHOOSE(Search_Bar!$M$1, LEFT(Data1[[#This Row],[Customer Name]], LEN(Search_Bar!$D$8))=Search_Bar!$D$8, RIGHT(Data1[[#This Row],[Customer Name]], LEN(Search_Bar!$D$8))=Search_Bar!$D$8, ISNUMBER(SEARCH(Search_Bar!$D$8, Data1[[#This Row],[Customer Name]])) ), MAX($A$1:A1)+1, 0) ) -> 1 | B2: Stellar Retail | C2: Whey Protein Isolate | D2: 210 | E2: 187 | F2: 39270 | G2: 7069 | H2: 46338.6
A3: =IF(Search_Bar!$D$8="", 0, IF(CHOOSE(Search_Bar!$M$1, LEFT(Data1[[#This Row],[Customer Name]], LEN(Search_Bar!$D$8))=Search_Bar!$D$8, RIGHT(Data1[[#This Row],[Customer Name]], LEN(Search_Bar!$D$8))=Search_Bar!$D$8, ISNUMBER(SEARCH(Search_Bar!$D$8, Data1[[#This Row],[Customer Name]])) ), MAX($A$1:A2)+1, 0) ) -> 2 | B3: Swift Mart | C3: Bio-Active Detergent | D3: 61 | E3: 361 | F3: 22021 | G3: 3963.78 | H3: 25984.78
A4: =IF(Search_Bar!$D$8="", 0, IF(CHOOSE(Search_Bar!$M$1, LEFT(Data1[[#This Row],[Customer Name]], LEN(Search_Bar!$D$8))=Search_Bar!$D$8, RIGHT(Data1[[#This Row],[Customer Name]], LEN(Search_Bar!$D$8))=Search_Bar!$D$8, ISNUMBER(SEARCH(Search_Bar!$D$8, Data1[[#This Row],[Customer Name]])) ), MAX($A$1:A3)+1, 0) ) -> 0 | B4: Apex Goods | C4: Dark Cocoa Bar | D4: 57 | E4: 297 | F4: 16929 | G4: 3047.22 | H4: 19976.22 | J4: FMCG SALES AND DISTRIBUTION DATA SET
A5: =IF(Search_Bar!$D$8="", 0, IF(CHOOSE(Search_Bar!$M$1, LEFT(Data1[[#This Row],[Customer Name]], LEN(Search_Bar!$D$8))=Search_Bar!$D$8, RIGHT(Data1[[#This Row],[Customer Name]], LEN(Search_Bar!$D$8))=Search_Bar!$D$8, ISNUMBER(SEARCH(Search_Bar!$D$8, Data1[[#This Row],[Customer Name]])) ), MAX($A$1:A4)+1, 0) ) -> 3 | B5: Stellar Retail | C5: Oatmeal Cookies | D5: 10 | E5: 111 | F5: 1110 | G5: 199.8 | H5: 1309.8
A6: =IF(Search_Bar!$D$8="", 0, IF(CHOOSE(Search_Bar!$M$1, LEFT(Data1[[#This Row],[Customer Name]], LEN(Search_Bar!$D$8))=Search_Bar!$D$8, RIGHT(Data1[[#This Row],[Customer Name]], LEN(Search_Bar!$D$8))=Search_Bar!$D$8, ISNUMBER(SEARCH(Search_Bar!$D$8, Data1[[#This Row],[Customer Name]])) ), MAX($A$1:A5)+1, 0) ) -> 4 | B6: Stellar Retail | C6: Whey Protein Isolate | D6: 210 | E6: 383 | F6: 80430 | G6: 14477.4 | H6: 94907.4
A7: =IF(Search_Bar!$D$8="", 0, IF(CHOOSE(Search_Bar!$M$1, LEFT(Data1[[#This Row],[Customer Name]], LEN(Search_Bar!$D$8))=Search_Bar!$D$8, RIGHT(Data1[[#This Row],[Customer Name]], LEN(Search_Bar!$D$8))=Search_Bar!$D$8, ISNUMBER(SEARCH(Search_Bar!$D$8, Data1[[#This Row],[Customer Name]])) ), MAX($A$1:A6)+1, 0) ) -> 5 | B7: Stellar Retail | C7: Herbal Pain Relief | D7: 40 | E7: 287 | F7: 11480 | G7: 2066.4 | H7: 13546.4
A8: =IF(Search_Bar!$D$8="", 0, IF(CHOOSE(Search_Bar!$M$1, LEFT(Data1[[#This Row],[Customer Name]], LEN(Search_Bar!$D$8))=Search_Bar!$D$8, RIGHT(Data1[[#This Row],[Customer Name]], LEN(Search_Bar!$D$8))=Search_Bar!$D$8, ISNUMBER(SEARCH(Search_Bar!$D$8, Data1[[#This Row],[Customer Name]])) ), MAX($A$1:A7)+1, 0) ) -> 6 | B8: Swift Mart | C8: Bio-Active Detergent | D8: 61 | E8: 154 | F8: 9394 | G8: 1690.92 | H8: 11084.92
A9: =IF(Search_Bar!$D$8="", 0, IF(CHOOSE(Search_Bar!$M$1, LEFT(Data1[[#This Row],[Customer Name]], LEN(Search_Bar!$D$8))=Search_Bar!$D$8, RIGHT(Data1[[#This Row],[Customer Name]], LEN(Search_Bar!$D$8))=Search_Bar!$D$8, ISNUMBER(SEARCH(Search_Bar!$D$8, Data1[[#This Row],[Customer Name]])) ), MAX($A$1:A8)+1, 0) ) -> 0 | B9: Prime Hub | C9: Instant Veggie Noodles | D9: 15 | E9: 374 | F9: 5610 | G9: 1009.8 | H9: 6619.8
A10: =IF(Search_Bar!$D$8="", 0, IF(CHOOSE(Search_Bar!$M$1, LEFT(Data1[[#This Row],[Customer Name]], LEN(Search_Bar!$D$8))=Search_Bar!$D$8, RIGHT(Data1[[#This Row],[Customer Name]], LEN(Search_Bar!$D$8))=Search_Bar!$D$8, ISNUMBER(SEARCH(Search_Bar!$D$8, Data1[[#This Row],[Customer Name]])) ), MAX($A$1:A9)+1, 0) ) -> 7 | B10: Stellar Retail | C10: Roasted Arabica Coffee | D10: 60 | E10: 312 | F10: 18720 | G10: 3369.6 | H10: 22089.6
A11: =IF(Search_Bar!$D$8="", 0, IF(CHOOSE(Search_Bar!$M$1, LEFT(Data1[[#This Row],[Customer Name]], LEN(Search_Bar!$D$8))=Search_Bar!$D$8, RIGHT(Data1[[#This Row],[Customer Name]], LEN(Search_Bar!$D$8))=Search_Bar!$D$8, ISNUMBER(SEARCH(Search_Bar!$D$8, Data1[[#This Row],[Customer Name]])) ), MAX($A$1:A10)+1, 0) ) -> 0 | B11: Nova Plaza | C11: Organic Forest Honey | D11: 120 | E11: 357 | F11: 42840 | G11: 7711.2 | H11: 50551.2
A12: =IF(Search_Bar!$D$8="", 0, IF(CHOOSE(Search_Bar!$M$1, LEFT(Data1[[#This Row],[Customer Name]], LEN(Search_Bar!$D$8))=Search_Bar!$D$8, RIGHT(Data1[[#This Row],[Customer Name]], LEN(Search_Bar!$D$8))=Search_Bar!$D$8, ISNUMBER(SEARCH(Search_Bar!$D$8, Data1[[#This Row],[Customer Name]])) ), MAX($A$1:A11)+1, 0) ) -> 8 | B12: Stellar Retail | C12: Anti-Dandruff Shampoo | D12: 240 | E12: 232 | F12: 55680 | G12: 10022.4 | H12: 65702.4
A13: =IF(Search_Bar!$D$8="", 0, IF(CHOOSE(Search_Bar!$M$1, LEFT(Data1[[#This Row],[Customer Name]], LEN(Search_Bar!$D$8))=Search_Bar!$D$8, RIGHT(Data1[[#This Row],[Customer Name]], LEN(Search_Bar!$D$8))=Search_Bar!$D$8, ISNUMBER(SEARCH(Search_Bar!$D$8, Data1[[#This Row],[Customer Name]])) ), MAX($A$1:A12)+1, 0) ) -> 9 | B13: Stellar Retail | C13: Organic Forest Honey | D13: 120 | E13: 411 | F13: 49320 | G13: 8877.6 | H13: 58197.6
A14: =IF(Search_Bar!$D$8="", 0, IF(CHOOSE(Search_Bar!$M$1, LEFT(Data1[[#This Row],[Customer Name]], LEN(Search_Bar!$D$8))=Search_Bar!$D$8, RIGHT(Data1[[#This Row],[Customer Name]], LEN(Search_Bar!$D$8))=Search_Bar!$D$8, ISNUMBER(SEARCH(Search_Bar!$D$8, Data1[[#This Row],[Customer Name]])) ), MAX($A$1:A13)+1, 0) ) -> 0 | B14: Apex Goods | C14: Refined White Sugar | D14: 47 | E14: 420 | F14: 19740 | G14: 3553.2 | H14: 23293.2
A15: =IF(Search_Bar!$D$8="", 0, IF(CHOOSE(Search_Bar!$M$1, LEFT(Data1[[#This Row],[Customer Name]], LEN(Search_Bar!$D$8))=Search_Bar!$D$8, RIGHT(Data1[[#This Row],[Customer Name]], LEN(Search_Bar!$D$8))=Search_Bar!$D$8, ISNUMBER(SEARCH(Search_Bar!$D$8, Data1[[#This Row],[Customer Name]])) ), MAX($A$1:A14)+1, 0) ) -> 10 | B15: Stellar Retail | C15: Cold Pressed Sun Oil | D15: 200 | E15: 306 | F15: 61200 | G15: 11016 | H15: 72216
A16: =IF(Search_Bar!$D$8="", 0, IF(CHOOSE(Search_Bar!$M$1, LEFT(Data1[[#This Row],[Customer Name]], LEN(Search_Bar!$D$8))=Search_Bar!$D$8, RIGHT(Data1[[#This Row],[Customer Name]], LEN(Search_Bar!$D$8))=Search_Bar!$D$8, ISNUMBER(SEARCH(Search_Bar!$D$8, Data1[[#This Row],[Customer Name]])) ), MAX($A$1:A15)+1, 0) ) -> 11 | B16: Stellar Retail | C16: Cold Pressed Sun Oil | D16: 200 | E16: 319 | F16: 63800 | G16: 11484 | H16: 75284
... A69: =IF(Search_Bar!$D$8="", 0, IF(CHOOSE(Search_Bar!$M$1, LEFT(Data1[[#This Row],[Customer Name]], LEN(Search_Bar!$D$8))=Search_Bar!$D$8, RIGHT(Data1[[#This Row],[Customer Name]], LEN(Search_Bar!$D$8))=Search_Bar!$D$8, ISNUMBER(SEARCH(Search_Bar!$D$8, Data1[[#This Row],[Customer Name]])) ), MAX($A$1:A68)+1, 0) ) -> 32 | B69: Sai Ram Mart | C69: Premium Choco Cake | D69: 125 | E69: 5 | F69: 625 | G69: 113 | H69: 738

Sheet Search_Bar
M1: 1
D8: s
A11: S.No | B11: Customer Name | C11: Product Name | D11: Rate | E11: Quantity | F11: Amount | G11: GST | H11: Total
A12: =IF($D$8="","",IF(ROW()-ROW($A$11)>MAX(Raw_Data!$A:$A),"",ROW()-ROW($A$11))) -> 1 | B12: =IF($D$8="","",IFERROR(VLOOKUP($A12,Data1[],COLUMNS(Search_Bar!$A$10:B11),0),"")) -> Stellar Retail | C12: =IF($D$8="","",IFERROR(VLOOKUP($A12,Data1[],COLUMNS(Search_Bar!$A$10:C11),0),"")) -> Whey Protein Isolate | D12: =IF($D$8="","",IFERROR(VLOOKUP($A12,Data1[],COLUMNS(Search_Bar!$A$10:D11),0),"")) -> 210 | E12: =IF($D$8="","",IFERROR(VLOOKUP($A12,Data1[],COLUMNS(Search_Bar!$A$10:E11),0),"")) -> 187 | F12: =IF($D$8="","",IFERROR(VLOOKUP($A12,Data1[],COLUMNS(Search_Bar!$A$10:F11),0),"")) -> 39270 | G12: =IF($D$8="","",IFERROR(VLOOKUP($A12,Data1[],COLUMNS(Search_Bar!$A$10:G11),0),"")) -> 7069 | H12: =IF($D$8="","",IFERROR(VLOOKUP($A12,Data1[],COLUMNS(Search_Bar!$A$10:H11),0),"")) -> 46338.6
A13: =IF($D$8="","",IF(ROW()-ROW($A$11)>MAX(Raw_Data!$A:$A),"",ROW()-ROW($A$11))) -> 2 | B13: =IF($D$8="","",IFERROR(VLOOKUP($A13,Data1[],COLUMNS(Search_Bar!$A$10:B12),0),"")) -> Swift Mart | C13: =IF($D$8="","",IFERROR(VLOOKUP($A13,Data1[],COLUMNS(Search_Bar!$A$10:C12),0),"")) -> Bio-Active Detergent | D13: =IF($D$8="","",IFERROR(VLOOKUP($A13,Data1[],COLUMNS(Search_Bar!$A$10:D12),0),"")) -> 61 | E13: =IF($D$8="","",IFERROR(VLOOKUP($A13,Data1[],COLUMNS(Search_Bar!$A$10:E12),0),"")) -> 361 | F13: =IF($D$8="","",IFERROR(VLOOKUP($A13,Data1[],COLUMNS(Search_Bar!$A$10:F12),0),"")) -> 22021 | G13: =IF($D$8="","",IFERROR(VLOOKUP($A13,Data1[],COLUMNS(Search_Bar!$A$10:G12),0),"")) -> 3963.78 | H13: =IF($D$8="","",IFERROR(VLOOKUP($A13,Data1[],COLUMNS(Search_Bar!$A$10:H12),0),"")) -> 25984.78
A14: =IF($D$8="","",IF(ROW()-ROW($A$11)>MAX(Raw_Data!$A:$A),"",ROW()-ROW($A$11))) -> 3 | B14: =IF($D$8="","",IFERROR(VLOOKUP($A14,Data1[],COLUMNS(Search_Bar!$A$10:B13),0),"")) -> Stellar Retail | C14: =IF($D$8="","",IFERROR(VLOOKUP($A14,Data1[],COLUMNS(Search_Bar!$A$10:C13),0),"")) -> Oatmeal Cookies | D14: =IF($D$8="","",IFERROR(VLOOKUP($A14,Data1[],COLUMNS(Search_Bar!$A$10:D13),0),"")) -> 10 | E14: =IF($D$8="","",IFERROR(VLOOKUP($A14,Data1[],COLUMNS(Search_Bar!$A$10:E13),0),"")) -> 111 | F14: =IF($D$8="","",IFERROR(VLOOKUP($A14,Data1[],COLUMNS(Search_Bar!$A$10:F13),0),"")) -> 1110 | G14: =IF($D$8="","",IFERROR(VLOOKUP($A14,Data1[],COLUMNS(Search_Bar!$A$10:G13),0),"")) -> 199.8 | H14: =IF($D$8="","",IFERROR(VLOOKUP($A14,Data1[],COLUMNS(Search_Bar!$A$10:H13),0),"")) -> 1309.8
A15: =IF($D$8="","",IF(ROW()-ROW($A$11)>MAX(Raw_Data!$A:$A),"",ROW()-ROW($A$11))) -> 4 | B15: =IF($D$8="","",IFERROR(VLOOKUP($A15,Data1[],COLUMNS(Search_Bar!$A$10:B14),0),"")) -> Stellar Retail | C15: =IF($D$8="","",IFERROR(VLOOKUP($A15,Data1[],COLUMNS(Search_Bar!$A$10:C14),0),"")) -> Whey Protein Isolate | D15: =IF($D$8="","",IFERROR(VLOOKUP($A15,Data1[],COLUMNS(Search_Bar!$A$10:D14),0),"")) -> 210 | E15: =IF($D$8="","",IFERROR(VLOOKUP($A15,Data1[],COLUMNS(Search_Bar!$A$10:E14),0),"")) -> 383 | F15: =IF($D$8="","",IFERROR(VLOOKUP($A15,Data1[],COLUMNS(Search_Bar!$A$10:F14),0),"")) -> 80430 | G15: =IF($D$8="","",IFERROR(VLOOKUP($A15,Data1[],COLUMNS(Search_Bar!$A$10:G14),0),"")) -> 14477.4 | H15: =IF($D$8="","",IFERROR(VLOOKUP($A15,Data1[],COLUMNS(Search_Bar!$A$10:H14),0),"")) -> 94907.4
A16: =IF($D$8="","",IF(ROW()-ROW($A$11)>MAX(Raw_Data!$A:$A),"",ROW()-ROW($A$11))) -> 5 | B16: =IF($D$8="","",IFERROR(VLOOKUP($A16,Data1[],COLUMNS(Search_Bar!$A$10:B15),0),"")) -> Stellar Retail | C16: =IF($D$8="","",IFERROR(VLOOKUP($A16,Data1[],COLUMNS(Search_Bar!$A$10:C15),0),"")) -> Herbal Pain Relief | D16: =IF($D$8="","",IFERROR(VLOOKUP($A16,Data1[],COLUMNS(Search_Bar!$A$10:D15),0),"")) -> 40 | E16: =IF($D$8="","",IFERROR(VLOOKUP($A16,Data1[],COLUMNS(Search_Bar!$A$10:E15),0),"")) -> 287 | F16: =IF($D$8="","",IFERROR(VLOOKUP($A16,Data1[],COLUMNS(Search_Bar!$A$10:F15),0),"")) -> 11480 | G16: =IF($D$8="","",IFERROR(VLOOKUP($A16,Data1[],COLUMNS(Search_Bar!$A$10:G15),0),"")) -> 2066.4 | H16: =IF($D$8="","",IFERROR(VLOOKUP($A16,Data1[],COLUMNS(Search_Bar!$A$10:H15),0),"")) -> 13546.4
A17: =IF($D$8="","",IF(ROW()-ROW($A$11)>MAX(Raw_Data!$A:$A),"",ROW()-ROW($A$11))) -> 6 | B17: =IF($D$8="","",IFERROR(VLOOKUP($A17,Data1[],COLUMNS(Search_Bar!$A$10:B16),0),"")) -> Swift Mart | C17: =IF($D$8="","",IFERROR(VLOOKUP($A17,Data1[],COLUMNS(Search_Bar!$A$10:C16),0),"")) -> Bio-Active Detergent | D17: =IF($D$8="","",IFERROR(VLOOKUP($A17,Data1[],COLUMNS(Search_Bar!$A$10:D16),0),"")) -> 61 | E17: =IF($D$8="","",IFERROR(VLOOKUP($A17,Data1[],COLUMNS(Search_Bar!$A$10:E16),0),"")) -> 154 | F17: =IF($D$8="","",IFERROR(VLOOKUP($A17,Data1[],COLUMNS(Search_Bar!$A$10:F16),0),"")) -> 9394 | G17: =IF($D$8="","",IFERROR(VLOOKUP($A17,Data1[],COLUMNS(Search_Bar!$A$10:G16),0),"")) -> 1690.92 | H17: =IF($D$8="","",IFERROR(VLOOKUP($A17,Data1[],COLUMNS(Search_Bar!$A$10:H16),0),"")) -> 11084.92
A18: =IF($D$8="","",IF(ROW()-ROW($A$11)>MAX(Raw_Data!$A:$A),"",ROW()-ROW($A$11))) -> 7 | B18: =IF($D$8="","",IFERROR(VLOOKUP($A18,Data1[],COLUMNS(Search_Bar!$A$10:B17),0),"")) -> Stellar Retail | C18: =IF($D$8="","",IFERROR(VLOOKUP($A18,Data1[],COLUMNS(Search_Bar!$A$10:C17),0),"")) -> Roasted Arabica Coffee | D18: =IF($D$8="","",IFERROR(VLOOKUP($A18,Data1[],COLUMNS(Search_Bar!$A$10:D17),0),"")) -> 60 | E18: =IF($D$8="","",IFERROR(VLOOKUP($A18,Data1[],COLUMNS(Search_Bar!$A$10:E17),0),"")) -> 312 | F18: =IF($D$8="","",IFERROR(VLOOKUP($A18,Data1[],COLUMNS(Search_Bar!$A$10:F17),0),"")) -> 18720 | G18: =IF($D$8="","",IFERROR(VLOOKUP($A18,Data1[],COLUMNS(Search_Bar!$A$10:G17),0),"")) -> 3369.6 | H18: =IF($D$8="","",IFERROR(VLOOKUP($A18,Data1[],COLUMNS(Search_Bar!$A$10:H17),0),"")) -> 22089.6
A19: =IF($D$8="","",IF(ROW()-ROW($A$11)>MAX(Raw_Data!$A:$A),"",ROW()-ROW($A$11))) -> 8 | B19: =IF($D$8="","",IFERROR(VLOOKUP($A19,Data1[],COLUMNS(Search_Bar!$A$10:B18),0),"")) -> Stellar Retail | C19: =IF($D$8="","",IFERROR(VLOOKUP($A19,Data1[],COLUMNS(Search_Bar!$A$10:C18),0),"")) -> Anti-Dandruff Shampoo | D19: =IF($D$8="","",IFERROR(VLOOKUP($A19,Data1[],COLUMNS(Search_Bar!$A$10:D18),0),"")) -> 240 | E19: =IF($D$8="","",IFERROR(VLOOKUP($A19,Data1[],COLUMNS(Search_Bar!$A$10:E18),0),"")) -> 232 | F19: =IF($D$8="","",IFERROR(VLOOKUP($A19,Data1[],COLUMNS(Search_Bar!$A$10:F18),0),"")) -> 55680 | G19: =IF($D$8="","",IFERROR(VLOOKUP($A19,Data1[],COLUMNS(Search_Bar!$A$10:G18),0),"")) -> 10022.4 | H19: =IF($D$8="","",IFERROR(VLOOKUP($A19,Data1[],COLUMNS(Search_Bar!$A$10:H18),0),"")) -> 65702.4
A20: =IF($D$8="","",IF(ROW()-ROW($A$11)>MAX(Raw_Data!$A:$A),"",ROW()-ROW($A$11))) -> 9 | B20: =IF($D$8="","",IFERROR(VLOOKUP($A20,Data1[],COLUMNS(Search_Bar!$A$10:B19),0),"")) -> Stellar Retail | C20: =IF($D$8="","",IFERROR(VLOOKUP($A20,Data1[],COLUMNS(Search_Bar!$A$10:C19),0),"")) -> Organic Forest Honey | D20: =IF($D$8="","",IFERROR(VLOOKUP($A20,Data1[],COLUMNS(Search_Bar!$A$10:D19),0),"")) -> 120 | E20: =IF($D$8="","",IFERROR(VLOOKUP($A20,Data1[],COLUMNS(Search_Bar!$A$10:E19),0),"")) -> 411 | F20: =IF($D$8="","",IFERROR(VLOOKUP($A20,Data1[],COLUMNS(Search_Bar!$A$10:F19),0),"")) -> 49320 | G20: =IF($D$8="","",IFERROR(VLOOKUP($A20,Data1[],COLUMNS(Search_Bar!$A$10:G19),0),"")) -> 8877.6 | H20: =IF($D$8="","",IFERROR(VLOOKUP($A20,Data1[],COLUMNS(Search_Bar!$A$10:H19),0),"")) -> 58197.6
A21: =IF($D$8="","",IF(ROW()-ROW($A$11)>MAX(Raw_Data!$A:$A),"",ROW()-ROW($A$11))) -> 10 | B21: =IF($D$8="","",IFERROR(VLOOKUP($A21,Data1[],COLUMNS(Search_Bar!$A$10:B20),0),"")) -> Stellar Retail | C21: =IF($D$8="","",IFERROR(VLOOKUP($A21,Data1[],COLUMNS(Search_Bar!$A$10:C20),0),"")) -> Cold Pressed Sun Oil | D21: =IF($D$8="","",IFERROR(VLOOKUP($A21,Data1[],COLUMNS(Search_Bar!$A$10:D20),0),"")) -> 200 | E21: =IF($D$8="","",IFERROR(VLOOKUP($A21,Data1[],COLUMNS(Search_Bar!$A$10:E20),0),"")) -> 306 | F21: =IF($D$8="","",IFERROR(VLOOKUP($A21,Data1[],COLUMNS(Search_Bar!$A$10:F20),0),"")) -> 61200 | G21: =IF($D$8="","",IFERROR(VLOOKUP($A21,Data1[],COLUMNS(Search_Bar!$A$10:G20),0),"")) -> 11016 | H21: =IF($D$8="","",IFERROR(VLOOKUP($A21,Data1[],COLUMNS(Search_Bar!$A$10:H20),0),"")) -> 72216
A22: =IF($D$8="","",IF(ROW()-ROW($A$11)>MAX(Raw_Data!$A:$A),"",ROW()-ROW($A$11))) -> 11 | B22: =IF($D$8="","",IFERROR(VLOOKUP($A22,Data1[],COLUMNS(Search_Bar!$A$10:B21),0),"")) -> Stellar Retail | C22: =IF($D$8="","",IFERROR(VLOOKUP($A22,Data1[],COLUMNS(Search_Bar!$A$10:C21),0),"")) -> Cold Pressed Sun Oil | D22: =IF($D$8="","",IFERROR(VLOOKUP($A22,Data1[],COLUMNS(Search_Bar!$A$10:D21),0),"")) -> 200 | E22: =IF($D$8="","",IFERROR(VLOOKUP($A22,Data1[],COLUMNS(Search_Bar!$A$10:E21),0),"")) -> 319 | F22: =IF($D$8="","",IFERROR(VLOOKUP($A22,Data1[],COLUMNS(Search_Bar!$A$10:F21),0),"")) -> 63800 | G22: =IF($D$8="","",IFERROR(VLOOKUP($A22,Data1[],COLUMNS(Search_Bar!$A$10:G21),0),"")) -> 11484 | H22: =IF($D$8="","",IFERROR(VLOOKUP($A22,Data1[],COLUMNS(Search_Bar!$A$10:H21),0),"")) -> 75284
A23: =IF($D$8="","",IF(ROW()-ROW($A$11)>MAX(Raw_Data!$A:$A),"",ROW()-ROW($A$11))) -> 12 | B23: =IF($D$8="","",IFERROR(VLOOKUP($A23,Data1[],COLUMNS(Search_Bar!$A$10:B22),0),"")) -> Swift Mart | C23: =IF($D$8="","",IFERROR(VLOOKUP($A23,Data1[],COLUMNS(Search_Bar!$A$10:C22),0),"")) -> Strong Hold Styling Gel | D23: =IF($D$8="","",IFERROR(VLOOKUP($A23,Data1[],COLUMNS(Search_Bar!$A$10:D22),0),"")) -> 75 | E23: =IF($D$8="","",IFERROR(VLOOKUP($A23,Data1[],COLUMNS(Search_Bar!$A$10:E22),0),"")) -> 342 | F23: =IF($D$8="","",IFERROR(VLOOKUP($A23,Data1[],COLUMNS(Search_Bar!$A$10:F22),0),"")) -> 25650 | G23: =IF($D$8="","",IFERROR(VLOOKUP($A23,Data1[],COLUMNS(Search_Bar!$A$10:G22),0),"")) -> 4617 | H23: =IF($D$8="","",IFERROR(VLOOKUP($A23,Data1[],COLUMNS(Search_Bar!$A$10:H22),0),"")) -> 30267
... A110: =IF($D$8="","",IF(ROW()-ROW($A$11)>MAX(Raw_Data!$A:$A),"",ROW()-ROW($A$11))) | B110: =IF($D$8="","",IFERROR(VLOOKUP($A110,Data1[],COLUMNS(Search_Bar!$A$10:B109),0),"")) | C110: =IF($D$8="","",IFERROR(VLOOKUP($A110,Data1[],COLUMNS(Search_Bar!$A$10:C109),0),"")) | D110: =IF($D$8="","",IFERROR(VLOOKUP($A110,Data1[],COLUMNS(Search_Bar!$A$10:D109),0),"")) | E110: =IF($D$8="","",IFERROR(VLOOKUP($A110,Data1[],COLUMNS(Search_Bar!$A$10:E109),0),"")) | F110: =IF($D$8="","",IFERROR(VLOOKUP($A110,Data1[],COLUMNS(Search_Bar!$A$10:F109),0),"")) | G110: =IF($D$8="","",IFERROR(VLOOKUP($A110,Data1[],COLUMNS(Search_Bar!$A$10:G109),0),"")) | H110: =IF($D$8="","",IFERROR(VLOOKUP($A110,Data1[],COLUMNS(Search_Bar!$A$10:H109),0),""))
A111: =IF($D$8="","",IF(ROW()-ROW($A$11)>MAX(Raw_Data!$A:$A),"",ROW()-ROW($A$11)))
A112: =IF($D$8="","",IF(ROW()-ROW($A$11)>MAX(Raw_Data!$A:$A),"",ROW()-ROW($A$11)))
A113: =IF($D$8="","",IF(ROW()-ROW($A$11)>MAX(Raw_Data!$A:$A),"",ROW()-ROW($A$11)))
A114: =IF($D$8="","",IF(ROW()-ROW($A$11)>MAX(Raw_Data!$A:$A),"",ROW()-ROW($A$11)))
A115: =IF($D$8="","",IF(ROW()-ROW($A$11)>MAX(Raw_Data!$A:$A),"",ROW()-ROW($A$11)))
A116: =IF($D$8="","",IF(ROW()-ROW($A$11)>MAX(Raw_Data!$A:$A),"",ROW()-ROW($A$11)))
A117: =IF($D$8="","",IF(ROW()-ROW($A$11)>MAX(Raw_Data!$A:$A),"",ROW()-ROW($A$11)))
A118: =IF($D$8="","",IF(ROW()-ROW($A$11)>MAX(Raw_Data!$A:$A),"",ROW()-ROW($A$11)))
A119: =IF($D$8="","",IF(ROW()-ROW($A$11)>MAX(Raw_Data!$A:$A),"",ROW()-ROW($A$11)))
A120: =IF($D$8="","",IF(ROW()-ROW($A$11)>MAX(Raw_Data!$A:$A),"",ROW()-ROW($A$11)))
A121: =IF($D$8="","",IF(ROW()-ROW($A$11)>MAX(Raw_Data!$A:$A),"",ROW()-ROW($A$11)))
A122: =IF($D$8="","",IF(ROW()-ROW($A$11)>MAX(Raw_Data!$A:$A),"",ROW()-ROW($A$11)))
... A2332: =IF($D$8="","",IF(ROW()-ROW($A$11)>MAX(Raw_Data!$A:$A),"",ROW()-ROW($A$11)))
